Date,Quarter,Department,Targeted Productivity,Overtime,No. of Workers,Actual Productivity
01-01-2015,Q1,Sewing,0.8,7080,59,0.940725424
01-01-2015,Q1,Finishing,0.75,960,8,0.8865
01-01-2015,Q1,Sewing,0.8,3660,30.5,0.800570492
01-01-2015,Q1,Sewing,0.8,3660,30.5,0.800570492
01-01-2015,Q1,Sewing,0.8,1920,56,
01-01-2015,Q1,Sewing,0.8,6720,56,0.800125
01-01-2015,Q1,Finishing,0.75,960,8,0.755166667
01-01-2015,Q1,Sewing,0.75,6900,57.5,0.753683478
01-01-2015,Q1,Sewing,0.75,6000,55,0.753097531
01-01-2015,Q1,Sewing,0.75,6900,57.5,0.750427826
01-01-2015,Q1,Sewing,0.7,6900,57.5,0.721126957
01-01-2015,Q1,Sewing,0.75,6480,54,0.712205247
01-01-2015,Q1,Sewing,0.8,3660,30.5,0.707045902
01-01-2015,Q1,Finishing,0.65,960,8,0.705916667
01-01-2015,Q1,Finishing,0.75,960,8,0.676666667
01-01-2015,Q1,Finishing,0.75,2160,18,0.593055556
01-01-2015,Q1,Finishing,0.8,960,8,0.540729167
01-01-2015,Q1,Sewing,0.65,7200,60,0.52118
01-01-2015,Q1,Finishing,0.7,1440,12,
01-03-2015,Q1,Finishing,0.8,6600,20,0.988024691
01-03-2015,Q1,Finishing,0.75,5640,17,0.987880435
01-03-2015,Q1,Finishing,0.8,960,8,0.956270833
01-03-2015,Q1,Finishing,0.75,1560,8,0.945277778
01-03-2015,Q1,Finishing,0.8,960,8,0.902916667
01-03-2015,Q1,Sewing,0.8,6300,56.5,0.800725314
01-03-2015,Q1,Sewing,0.8,6540,54.5,0.800322936
01-03-2015,Q1,Sewing,0.8,7080,59,0.800318644
01-03-2015,Q1,Sewing,0.8,7080,59,0.800318644
01-03-2015,Q1,Sewing,0.8,7080,29.5,0.800237288
01-03-2015,Q1,Sewing,0.8,7080,31.5,0.800148649
01-03-2015,Q1,Sewing,0.8,6720,56,0.800125
01-03-2015,Q1,Sewing,0.8,6720,56,0.800125
01-03-2015,Q1,Sewing,0.75,6480,54,0.787299691
01-03-2015,Q1,Finishing,0.8,960,8,0.782447917
01-03-2015,Q1,Sewing,0.75,6600,55,0.75024303
01-03-2015,Q1,Finishing,0.7,960,8,0.7018125
01-03-2015,Q1,Sewing,0.7,13800,60,0.700134038
01-03-2015,Q1,Sewing,0.7,6900,57.5,0.699965217
01-03-2015,Q1,Finishing,0.8,960,8,0.628333333
01-03-2015,Q1,Finishing,0.8,960,8,0.6253125
01-04-2015,Q1,Finishing,0.75,1560,8,0.991388889
01-04-2015,Q1,Finishing,0.8,960,8,0.931645833
01-04-2015,Q1,Finishing,0.8,960,8,0.915229167
01-04-2015,Q1,Sewing,0.8,6975,31,0.879714482
01-04-2015,Q1,Finishing,0.8,6600,20,0.861679012
01-04-2015,Q1,Sewing,0.8,7080,59,0.850569492
01-04-2015,Q1,Sewing,0.8,7020,56.5,0.850436438
01-04-2015,Q1,Sewing,0.8,6780,56.5,0.850345133
01-04-2015,Q1,Sewing,0.8,4260,55.5,0.800598058
01-04-2015,Q1,Sewing,0.8,7080,59,0.800318644
01-04-2015,Q1,Sewing,0.8,6660,55.5,0.800237838
01-04-2015,Q1,Sewing,0.8,6975,31,0.800030199
01-04-2015,Q1,Finishing,0.8,960,8,0.792104167
01-04-2015,Q1,Finishing,0.7,4320,18,0.759228395
01-04-2015,Q1,Sewing,0.75,6480,54,0.750348457
01-04-2015,Q1,Sewing,0.75,6600,55,0.75024303
01-04-2015,Q1,Sewing,0.7,6900,57.5,0.699965217
01-04-2015,Q1,Finishing,0.8,960,8,0.682708333
01-04-2015,Q1,Finishing,0.8,960,8,0.667604167
01-04-2015,Q1,Sewing,0.7,6960,58,0.603432184
01-04-2015,Q1,Finishing,0.75,960,8,0.345833333
01-05-2015,Q1,Finishing,0.8,1920,8,0.961059028
01-05-2015,Q1,Finishing,0.8,2400,10,0.939513889
01-05-2015,Q1,Finishing,0.8,3840,16,0.893663194
01-05-2015,Q1,Finishing,0.75,1920,8,0.875390625
01-05-2015,Q1,Sewing,0.8,7080,59,0.850569492
01-05-2015,Q1,Finishing,0.8,1920,8,0.820833333
01-05-2015,Q1,Finishing,What do you think should be here?,960,8,0.804416667
01-05-2015,Q1,Sewing,0.8,6780,56.5,0.800684366
01-05-2015,Q1,Sewing,0.8,6780,56.5,0.800684366
01-05-2015,Q1,Sewing,0.8,7080,59,0.800318644
01-05-2015,Q1,Sewing,0.8,4800,55,0.800250962
01-05-2015,Q1,Sewing,0.8,7200,32,0.800246011
01-05-2015,Q1,Sewing,0.8,7200,32,0.800246011
01-05-2015,Q1,Sewing,0.8,6900,57.5,0.800076522
01-05-2015,Q1,Sewing,0.8,6900,57.5,0.800076522
01-05-2015,Q1,Finishing,0.75,960,8,0.763375
01-05-2015,Q1,Finishing,0.6,960,8,0.759270833
01-05-2015,Q1,Sewing,0.75,7020,58.5,0.7504
01-05-2015,Q1,Sewing,0.75,6600,55,0.75024303
01-05-2015,Q1,Finishing,0.8,960,8,0.676666667
01-05-2015,Q1,Finishing,0.8,960,8,0.664583333
01-05-2015,Q1,Sewing,0.6,6960,58,0.600028736
01-06-2015,Q1,Finishing,0.8,4440,18,0.966781346
01-06-2015,Q1,Finishing,0.8,1440,8,0.936496212
01-06-2015,Q1,Finishing,0.75,1800,10,0.899166667
01-06-2015,Q1,Finishing,0.8,2700,15,0.888686869
01-06-2015,Q1,Finishing,0.8,1440,8,
01-06-2015,Q1,Sewing,0.8,10620,59,0.850502311
01-06-2015,Q1,Sewing,0.8,10620,59,0.850502311
01-06-2015,Q1,Finishing,0.75,1440,8,0.809640152
01-06-2015,Q1,Finishing,0.8,1440,8,0.805909091
01-06-2015,Q1,Sewing,0.8,10350,57.5,0.800594466
01-06-2015,Q1,Sewing,0.8,10350,57.5,0.800594466
01-06-2015,Q1,Sewing,0.8,9900,55,0.800273829
01-06-2015,Q1,Sewing,0.8,5310,31.5,0.800140969
01-06-2015,Q1,Sewing,0.8,10170,56.5,0.800128721
01-06-2015,Q1,Sewing,0.8,10170,56.5,0.800128721
01-06-2015,Q1,Sewing,0.8,4470,31.5,0.80007657
01-06-2015,Q1,Sewing,0.75,10530,58.5,0.750545455
01-06-2015,Q1,Sewing,0.75,9900,55,0.750057851
01-06-2015,Q1,Finishing,0.8,1440,8,0.681060606
01-06-2015,Q1,Sewing,0.65,10440,58,0.649983281
01-06-2015,Q1,Finishing,0.8,1440,8,0.61625
01-07-2015,Q1,Finishing,0.8,1440,8,0.951420455
01-07-2015,Q1,Finishing,0.8,1440,8,0.880530303
01-07-2015,Q1,Sewing,0.8,10620,59,0.850502311
01-07-2015,Q1,Sewing,0.8,10620,59,0.850502311
01-07-2015,Q1,Sewing,0.8,10170,56.5,0.850136766
01-07-2015,Q1,Finishing,0.75,2700,15,0.83
01-07-2015,Q1,Finishing,0.8,4440,18,0.827186544
01-07-2015,Q1,Finishing,0.8,1440,8,0.813371212
01-07-2015,Q1,Finishing,0.75,1440,8,0.805909091
01-07-2015,Q1,Finishing,0.8,1440,8,0.804640152
01-07-2015,Q1,Sewing,0.8,10350,57.5,0.800594466
01-07-2015,Q1,Sewing,0.8,10350,57.5,0.800594466
01-07-2015,Q1,Sewing,0.8,5490,30.5,0.800343766
01-07-2015,Q1,Sewing,0.8,9900,55,0.800273829
01-07-2015,Q1,Sewing,0.8,5670,31.5,0.800246753
01-07-2015,Q1,Sewing,0.8,10170,56.5,0.800128721
01-07-2015,Q1,Sewing,0.75,10530,58.5,0.8
01-07-2015,Q1,Sewing,0.7,9720,58,0.700480831
01-07-2015,Q1,Finishing,0.8,1440,8,0.681060606
01-07-2015,Q1,Finishing,0.8,1800,10,0.666515152
01-07-2015,Q1,Sewing,0.8,9900,55,0.412119835
01-07-2015,Q1,Finishing,0.7,1440,8,0.330113636
01-08-2015,Q2,Finishing,0.8,1440,8,0.947689394
01-08-2015,Q2,Finishing,0.8,12600,20,0.919905405
01-08-2015,Q2,Sewing,0.8,10620,59,0.900215716
01-08-2015,Q2,Finishing,0.8,1440,8,0.891723485
01-08-2015,Q2,Sewing,0.8,10620,59,0.850502311
01-08-2015,Q2,Sewing,0.8,10530,58.5,0.850181818
01-08-2015,Q2,Sewing,0.8,10170,56.5,0.850136766
01-08-2015,Q2,Sewing,0.8,10170,56.5,0.850136766
01-08-2015,Q2,Finishing,0.8,1440,8,0.835757576
01-08-2015,Q2,Finishing,0.7,3840,8,0.821354167
01-08-2015,Q2,Sewing,0.8,10050,58.5,This is NULL
01-08-2015,Q2,Sewing,0.8,9900,55,0.800273829
01-08-2015,Q2,Sewing,0.8,15120,31.5,0.800107143
01-08-2015,Q2,Sewing,0.8,14640,30.5,0.800024932
01-08-2015,Q2,Sewing,0.75,10530,58.5,0.8
01-08-2015,Q2,Finishing,0.75,1440,8,
01-08-2015,Q2,Finishing,0.8,1440,8,0.735984848
01-08-2015,Q2,Finishing,0.75,2160,12,0.712626263
01-08-2015,Q2,Finishing,0.8,1440,8,0.681060606
01-08-2015,Q2,Finishing,0.8,900,5,0.515606061
01-08-2015,Q2,Sewing,0.35,25920,54,0.349951389
01-08-2015,Q2,Sewing,0.7,10260,57,0.233705476
01-10-2015,Q2,Finishing,0.8,2160,8,0.985
01-10-2015,Q2,Finishing,0.75,2760,12,0.930340376
01-10-2015,Q2,Finishing,0.8,6000,20,0.911589744
01-10-2015,Q2,Finishing,0.8,1440,8,0.858143939
01-10-2015,Q2,Sewing,0.8,10620,59,0.851174114
01-10-2015,Q2,Sewing,0.8,10170,56.5,0.850136766
01-10-2015,Q2,Sewing,0.8,10170,56.5,0.850136766
01-10-2015,Q2,Finishing,0.8,1440,8,0.846950758
01-10-2015,Q2,Finishing,0.8,1440,8,0.817424242
01-10-2015,Q2,Finishing,0.8,1440,8,0.817102273
01-10-2015,Q2,Sewing,0.8,10440,58,0.801028213
01-10-2015,Q2,Sewing,0.8,10350,57.5,0.800594466
01-10-2015,Q2,Sewing,0.8,4710,31.5,0.800346445
01-10-2015,Q2,Sewing,0.8,5490,30.5,0.800343766
01-10-2015,Q2,Sewing,0.8,10620,59,0.800117103
01-10-2015,Q2,Sewing,0.8,10530,58.5,0.8
01-10-2015,Q2,Sewing,0.75,7080,56,0.750098351
01-10-2015,Q2,Sewing,0.5,9540,53,0.673245283
01-10-2015,Q2,Finishing,0.8,1440,8,0.670075758
01-10-2015,Q2,Finishing,0.8,1440,8,0.628882576
01-10-2015,Q2,Sewing,0.5,7680,56,0.388007813
01-10-2015,Q2,Finishing,0.5,1440,8,0.337973485
01-11-2015,Q2,Finishing,0.75,1440,8,0.93532197
01-11-2015,Q2,Finishing,0.8,3600,20,0.925643939
01-11-2015,Q2,Sewing,0.8,10620,59,0.900215716
01-11-2015,Q2,Finishing,0.8,1440,8,0.873068182
01-11-2015,Q2,Finishing,0.8,1440,8,0.858143939
01-11-2015,Q2,Sewing,0.8,10620,59,0.850502311
01-11-2015,Q2,Sewing,0.8,10170,56.5,0.850136766
01-11-2015,Q2,Sewing,0.8,10170,56.5,0.850136766
01-11-2015,Q2,Finishing,0.8,1440,8,0.828295455
01-11-2015,Q2,Finishing,0.8,1440,8,0.820833333
01-11-2015,Q2,Sewing,0.8,5490,30.5,0.800343766
01-11-2015,Q2,Sewing,0.8,5670,31.5,0.800246753
01-11-2015,Q2,Sewing,0.8,Some secret message?,58.5,0.8
01-11-2015,Q2,Sewing,0.8,10530,58.5,0.8
01-11-2015,Q2,Sewing,0.8,6420,55,0.690182815
01-11-2015,Q2,Finishing,0.8,1440,8,0.668087121
01-11-2015,Q2,Finishing,0.8,1440,8,0.653598485
01-11-2015,Q2,Finishing,0.5,1440,8,0.609138258
01-11-2015,Q2,Sewing,0.6,9540,53,0.600229846
01-11-2015,Q2,Finishing,0.8,1440,8,0.597348485
01-11-2015,Q2,Finishing,0.8,1440,8,0.590435606
01-11-2015,Q2,Sewing,0.8,10440,58,0.473134796
01-11-2015,Q2,Sewing,0.6,7980,57,0.452979626
01-12-2015,Q2,Finishing,0.8,1440,8,
01-12-2015,Q2,Finishing,0.35,3240,18,0.942213805
01-12-2015,Q2,Finishing,0.8,1800,10,0.905454545
01-12-2015,Q2,Finishing,0.8,1440,8,0.880530303
01-12-2015,Q2,Finishing,0.8,1440,8,0.858143939
01-12-2015,Q2,Sewing,0.8,8220,59,0.850522167
01-12-2015,Q2,Sewing,0.8,10620,59,0.850502311
01-12-2015,Q2,Sewing,0.8,10170,56.5,0.850136766
01-12-2015,Q2,Sewing,0.8,10170,56.5,0.850136766
01-12-2015,Q2,Finishing,0.8,1440,8,0.817424242
01-12-2015,Q2,Finishing,0.65,1440,8,0.809564394
01-12-2015,Q2,Sewing,0.8,9900,55,0.800273829
01-12-2015,Q2,Sewing,0.8,5670,31.5,0.800181818
01-12-2015,Q2,Sewing,0.8,4470,31.5,0.80007657
01-12-2015,Q2,Sewing,0.8,10530,58.5,0.8
01-12-2015,Q2,Finishing,0.8,1440,8,0.725
01-12-2015,Q2,Sewing,0.8,6930,58.5,0.688557555
01-12-2015,Q2,Sewing,0.65,8460,59,0.650040783
01-12-2015,Q2,Sewing,0.65,9540,53,0.64998056
01-12-2015,Q2,Finishing,0.8,1440,8,0.648106061
01-12-2015,Q2,Finishing,0.8,1440,8,0.640577652
01-12-2015,Q2,Sewing,0.35,7350,51.5,0.35063299
01-12-2015,Q2,Finishing,0.8,1440,8,0.24625
1/13/2015,Q2,Finishing,0.35,2160,12,0.952020202
1/13/2015,Q2,Finishing,0.8,1440,2,0.951420455
1/13/2015,Q2,Finishing,0.8,5400,20,0.912766667
1/13/2015,Q2,Finishing,0.8,1620,9,0.901262626
1/13/2015,Q2,Finishing,0.8,1440,8,0.858143939
1/13/2015,Q2,Sewing,0.8,10620,59,0.850502311
1/13/2015,Q2,Sewing,0.8,10620,59,0.850502311
1/13/2015,Q2,Sewing,0.8,10260,57,0.850252525
1/13/2015,Q2,Sewing,0.8,10170,56.5,0.850136766
1/13/2015,Q2,Finishing,0.65,1440,8,0.821354167
1/13/2015,Q2,Finishing,0.8,1440,8,0.805909091
1/13/2015,Q2,Sewing,0.8,5670,31.5,0.800246753
1/13/2015,Q2,Sewing,0.8,5670,31.5,0.800246753
1/13/2015,Q2,Sewing,0.8,10530,58.5,0.8
1/13/2015,Q2,Sewing,0.8,9900,55,0.705576584
1/13/2015,Q2,Finishing,0.8,1440,8,0.681060606
1/13/2015,Q2,Finishing,0.8,1440,8,0.670075758
1/13/2015,Q2,Finishing,0.8,1440,8,0.601278409
1/13/2015,Q2,Sewing,0.7,9540,53,0.582301029
1/13/2015,Q2,Sewing,0.7,10440,58,0.526810345
1/13/2015,Q2,Sewing,0.5,10170,56.5,0.500380799
1/13/2015,Q2,Sewing,0.35,10170,56.5,0.35020649
1/14/2015,Q2,Finishing,0.8,1980,Keep up the good work!,0.934607438
1/14/2015,Q2,Finishing,0.35,2700,8,0.908080808
1/14/2015,Q2,Sewing,0.8,10170,56.5,0.900144811
1/14/2015,Q2,Finishing,0.8,1440,8,0.891723485
1/14/2015,Q2,Finishing,0.65,1440,15,0.864583333
1/14/2015,Q2,Finishing,0.8,1440,8,0.858143939
1/14/2015,Q2,Sewing,0.8,10620,59,0.850502311
1/14/2015,Q2,Sewing,0.8,10170,56.5,0.850136766
1/14/2015,Q2,Finishing,0.8,1440,8,0.837594697
1/14/2015,Q2,Finishing,0.8,1440,7,0.820833333
1/14/2015,Q2,Sewing,0.8,2970,31.5,0.800313433
1/14/2015,Q2,Sewing,0.8,5670,31.5,0.800246753
1/14/2015,Q2,Sewing,0.8,10620,59,0.800117103
1/14/2015,Q2,Sewing,0.7,7320,58,0.700095563
1/14/2015,Q2,Finishing,0.8,1440,8,0.667329545
1/14/2015,Q2,Sewing,0.6,5100,57,0.600369686
1/14/2015,Q2,Sewing,0.5,3390,56.5,0.499980334
1/14/2015,Q2,Sewing,0.35,7200,55,0.35003125
1/14/2015,Q2,Finishing,0.8,1260,8,0.332359307
1/14/2015,Q2,Sewing,0.8,4260,57,0.311207464
1/14/2015,Q2,Finishing,0.8,1260,8,0.247316017
1/15/2015,Q3,Finishing,0.35,3600,20,0.988636364
1/15/2015,Q3,Finishing,0.8,3420,19,0.953110048
1/15/2015,Q3,Finishing,0.8,1440,8,0.884261364
1/15/2015,Q3,Finishing,0.65,1440,8,0.860653409
1/15/2015,Q3,Finishing,0.8,1440,8,0.858143939
1/15/2015,Q3,Sewing,0.8,10620,59,
1/15/2015,Q3,Sewing,0.8,8970,56.5,0.850415628
1/15/2015,Q3,Sewing,0.8,10170,56.5,0.850136766
1/15/2015,Q3,Sewing,0.8,10620,59,0.800117103
1/15/2015,Q3,Sewing,0.8,4950,31.5,0.80003139
1/15/2015,Q3,Sewing,0.8,4950,31.5,0.80003139
1/15/2015,Q3,Sewing,0.7,10440,58,0.700060345
1/15/2015,Q3,Finishing,0.8,1440,8,0.689299242
1/15/2015,Q3,Sewing,0.5,10170,56.5,0.660683293
1/15/2015,Q3,Sewing,0.65,10080,56,0.650130952
1/15/2015,Q3,Finishing,0.8,1440,8,0.606912879
1/15/2015,Q3,Sewing,0.6,10170,56.5,0.600291767
1/15/2015,Q3,Sewing,0.5,9900,55,0.500025069
1/15/2015,Q3,Sewing,0.5,9810,54.5,0.499998888
1/17/2015,Q3,Finishing,0.65,2700,15,0.98719697
1/17/2015,Q3,Finishing,0.8,1800,10,0.980909091
1/17/2015,Q3,Finishing,0.8,1440,8,0.974621212
1/17/2015,Q3,Finishing,0.8,1440,8,0.884261364
1/17/2015,Q3,Finishing,0.8,1800,10,0.82680303
1/17/2015,Q3,Sewing,0.8,5490,30.5,0.800343766
1/17/2015,Q3,Sewing,0.8,5670,31.5,0.800246753
1/17/2015,Q3,Sewing,0.8,10170,56.5,0.800128721
1/17/2015,Q3,Sewing,0.8,10170,56.5,0.800128721
1/17/2015,Q3,Sewing,0.8,10620,59,0.800117103
1/17/2015,Q3,Sewing,0.8,10620,59,0.800117103
1/17/2015,Q3,Sewing,0.6,6570,56.5,0.77011398
1/17/2015,Q3,Sewing,0.7,10170,56.5,0.7005417
1/17/2015,Q3,Finishing,0.8,1440,8,0.675568182
1/17/2015,Q3,Finishing,0.8,1440,8,0.661837121
1/17/2015,Q3,Sewing,0.65,9720,54,0.650198653
1/17/2015,Q3,Sewing,0.6,10170,56.5,0.600291767
1/17/2015,Q3,Sewing,0.6,10080,56,0.600273268
1/17/2015,Q3,Finishing,0.8,900,5,0.465757576
1/17/2015,Q3,Sewing,0.7,10440,58,0.452012539
1/17/2015,Q3,Finishing,0.8,1260,7,0.313852814
1/18/2015,Q3,Finishing,0.6,1440,8,0.852793561
1/18/2015,Q3,Finishing,0.65,2160,12,0.838383838
1/18/2015,Q3,Finishing,0.8,1800,10,0.804848485
1/18/2015,Q3,Sewing,0.8,5490,30.5,0.800343766
1/18/2015,Q3,Sewing,0.8,10170,56.5,0.800128721
1/18/2015,Q3,Sewing,0.8,10170,56.5,0.800128721
1/18/2015,Q3,Sewing,0.8,3660,59,0.800015009
1/18/2015,Q3,Sewing,0.7,10170,56.5,0.7005417
1/18/2015,Q3,Sewing,0.7,10080,56,0.700094156
1/18/2015,Q3,Finishing,0.8,1440,8,0.692045455
1/18/2015,Q3,Sewing,0.8,5670,31.5,0.662255892
1/18/2015,Q3,Sewing,0.65,10170,56.5,0.650416734
1/18/2015,Q3,Sewing,0.65,10260,57,0.650299575
1/18/2015,Q3,Sewing,0.65,10170,56.5,0.650243497
1/18/2015,Q3,Finishing,0.8,1440,8,0.639867424
1/18/2015,Q3,Sewing,0.6,10440,58,0.600062696
1/18/2015,Q3,Finishing,0.8,1800,10,0.582045455
1/18/2015,Q3,Sewing,0.8,10350,57.5,0.403242161
1/18/2015,Q3,Finishing,0.7,1440,8,0.235795455
1/19/2015,Q3,Finishing,0.7,5040,28,0.977272727
1/19/2015,Q3,Finishing,0.8,1800,10,0.964106061
1/19/2015,Q3,Finishing,0.65,1440,8,0.958901515
1/19/2015,Q3,Sewing,0.8,4380,31,0.800358775
1/19/2015,Q3,Sewing,0.8,3630,56.5,0.800162602
1/19/2015,Q3,Sewing,0.8,10620,59,0.800117103
1/19/2015,Q3,Finishing,0.8,1440,8,0.793844697
1/19/2015,Q3,Sewing,0.7,10170,56.5,0.750517565
1/19/2015,Q3,Sewing,0.7,10260,57,
1/19/2015,Q3,Sewing,0.7,10170,56.5,0.750062751
1/19/2015,Q3,Sewing,0.7,10080,56,0.750057359
1/19/2015,Q3,Sewing,0.7,10260,57,0.700170388
1/19/2015,Q3,Finishing,0.8,1440,8,0.683806818
1/19/2015,Q3,Sewing,0.65,8280,58,0.650066445
1/19/2015,Q3,Sewing,0.8,10260,57,0.576460393
1/19/2015,Q3,Sewing,0.5,10170,56.5,0.549969429
1/19/2015,Q3,Finishing,0.7,1440,8,0.538399621
1/19/2015,Q3,Finishing,0.7,1440,8,0.409545455
1/19/2015,Q3,Sewing,0.35,6120,34,0.35021836
1/20/2015,Q3,Finishing,0.7,1440,8,1.033570076
1/20/2015,Q3,Sewing,0.8,5580,31,0.800261486
1/20/2015,Q3,Sewing,0.8,10170,56.5,0.800128721
1/20/2015,Q3,Sewing,0.8,10620,59,0.800117103
1/20/2015,Q3,Sewing,0.7,10260,57,0.750068049
1/20/2015,Q3,Sewing,0.7,10080,56,0.750057359
1/20/2015,Q3,Sewing,0.7,8460,57,0.750037968
1/20/2015,Q3,Sewing,0.7,10260,57,0.750031898
1/20/2015,Q3,Finishing,0.8,1800,10,0.72830303
1/20/2015,Q3,Sewing,0.7,10260,57,0.700170388
1/20/2015,Q3,Sewing,0.7,10260,57,0.700063796
1/20/2015,Q3,Finishing,0.8,1440,8,0.639867424
1/20/2015,Q3,Sewing,0.5,3720,34,0.500290419
1/20/2015,Q3,Sewing,0.35,10080,56,0.400332792
1/20/2015,Q3,Finishing,0.7,2700,15,0.362666667
1/21/2015,Q3,Finishing,0.75,6000,20,0.978525641
1/21/2015,Q3,Finishing,0.7,5100,17,0.912202112
1/21/2015,Q3,Sewing,0.75,10080,56,0.900556277
1/21/2015,Q3,Sewing,0.8,5760,89,0.850410511
1/21/2015,Q3,Finishing,0.8,2400,8,0.827147436
1/21/2015,Q3,Sewing,0.8,7470,56.5,0.800436542
1/21/2015,Q3,Sewing,0.7,10500,57,0.800415742
1/21/2015,Q3,Sewing,0.7,10080,56,0.800020563
1/21/2015,Q3,Finishing,0.7,2400,8,0.758173077
1/21/2015,Q3,Sewing,0.7,10440,58,0.750344828
1/21/2015,Q3,Sewing,0.7,10260,57,0.750068049
1/21/2015,Q3,Sewing,0.7,10260,57,0.700170388
1/21/2015,Q3,Sewing,0.65,10260,57,0.700029771
1/21/2015,Q3,Sewing,0.6,6360,34,
1/21/2015,Q3,Finishing,0.8,2400,8,0.594871795
1/21/2015,Q3,Sewing,0.8,4140,58,0.520237649
1/21/2015,Q3,Finishing,0.65,2400,8,0.505128205
1/21/2015,Q3,Sewing,0.5,10080,56,0.500241342
1/21/2015,Q3,Finishing,0.7,2700,9,0.470769231
1/22/2015,Q4,Finishing,0.6,6000,10,0.957638889
1/22/2015,Q4,Finishing,0.75,8400,14,0.940701058
1/22/2015,Q4,Sewing,0.75,10080,56,0.849983766
1/22/2015,Q4,Sewing,0.7,10620,57,0.800302791
1/22/2015,Q4,Sewing,0.8,6360,32,0.800191989
1/22/2015,Q4,Sewing,0.75,10080,56,0.800020563
1/22/2015,Q4,Sewing,0.7,12180,57,0.750162367
1/22/2015,Q4,Sewing,0.7,10260,57,0.750068049
1/22/2015,Q4,Finishing,0.7,9000,15,0.742901235
1/22/2015,Q4,Sewing,0.7,10440,58,0.700250784
1/22/2015,Q4,Sewing,0.7,10260,57,0.700170388
1/22/2015,Q4,Finishing,0.75,9000,15,0.670216049
1/22/2015,Q4,Finishing,0.7,15000,25,0.649662222
1/22/2015,Q4,Finishing,0.7,15000,25,0.649662222
1/22/2015,Q4,Finishing,0.8,4800,8,0.626822917
1/22/2015,Q4,Sewing,0.6,6960,34,0.600436426
1/22/2015,Q4,Sewing,0.6,10260,57,0.60041361
1/22/2015,Q4,Sewing,0.8,10770,56.5,0.555500132
1/22/2015,Q4,Sewing,0.5,10440,58,0.500547544
1/22/2015,Q4,Finishing,0.7,12000,20,0.460578704
1/22/2015,Q4,Finishing,0.8,4800,8,0.397743056
1/22/2015,Q4,Finishing,0.6,5400,9,0.327407407
1/24/2015,Q4,Finishing,0.7,2700,15,0.966666667
1/24/2015,Q4,Finishing,0.75,1800,10,0.937242424
1/24/2015,Q4,Finishing,0.8,1620,9,0.910521886
1/24/2015,Q4,Sewing,0.75,10260,57,0.90064806
1/24/2015,Q4,Sewing,0.75,10260,57,0.900321106
1/24/2015,Q4,Finishing,0.75,1800,10,0.896022727
1/24/2015,Q4,Finishing,0.75,1440,8,0.895454545
1/24/2015,Q4,Finishing,0.65,2160,12,0.870580808
1/24/2015,Q4,Finishing,0.7,1620,9,0.858585859
1/24/2015,Q4,Sewing,0.7,10260,57,0.800643806
1/24/2015,Q4,Sewing,0.75,10080,56,0.80062987
1/24/2015,Q4,Sewing,0.8,5640,32,0.800537143
1/24/2015,Q4,Sewing,0.75,10260,57,0.80035194
1/24/2015,Q4,Sewing,0.75,6120,34,0.750079323
1/24/2015,Q4,Sewing,0.75,10260,57,
1/24/2015,Q4,Sewing,0.7,10440,58,0.700250784
1/24/2015,Q4,Finishing,0.75,2160,12,0.651515152
1/24/2015,Q4,Sewing,0.65,10170,56.5,0.650416734
1/24/2015,Q4,Sewing,0.6,6660,58,0.600125217
1/24/2015,Q4,Finishing,0.75,1440,8,0.578314394
1/24/2015,Q4,Finishing,0.7,1440,8,0.578314394
1/24/2015,Q4,Sewing,0.35,9360,52,0.34998951
1/24/2015,Q4,Finishing,0.6,1440,8,0.261174242
1/25/2015,Q4,Finishing,0.7,3060,17,0.973796791
1/25/2015,Q4,Finishing,0.75,1440,8,0.970075758
1/25/2015,Q4,Finishing,0.7,1440,8,0.970075758
1/25/2015,Q4,Finishing,0.75,1620,9,0.961784512
1/25/2015,Q4,Finishing,0.75,3420,19,0.955151515
1/25/2015,Q4,Finishing,0.75,2160,12,0.952020202
1/25/2015,Q4,Sewing,0.75,10260,57,0.900321106
1/25/2015,Q4,Sewing,0.75,10530,58.5,0.850223776
1/25/2015,Q4,Sewing,0.7,10530,58.5,0.800909609
1/25/2015,Q4,Sewing,0.75,10350,57.5,0.800513307
1/25/2015,Q4,Sewing,0.8,5760,32,0.800386364
1/25/2015,Q4,Sewing,0.75,10080,56,0.800020563
1/25/2015,Q4,Finishing,0.65,2520,14,0.749188312
1/25/2015,Q4,Sewing,0.7,10170,56.5,0.7005417
1/25/2015,Q4,Sewing,0.7,6120,34,0.70043672
1/25/2015,Q4,Sewing,0.7,10440,58,
1/25/2015,Q4,Sewing,0.65,10440,58,0.650407524
1/25/2015,Q4,Finishing,0.7,1620,9,0.618181818
1/25/2015,Q4,Sewing,0.75,10260,57,0.59114168
1/25/2015,Q4,Sewing,0.5,720,52,0.500061916
1/25/2015,Q4,Finishing,0.8,720,4,0.329545455
1/26/2015,Q4,Finishing,0.75,1800,10,1.059621212
1/26/2015,Q4,Finishing,0.75,3780,21,0.997792208
1/26/2015,Q4,Finishing,0.75,2160,12,0.963699495
1/26/2015,Q4,Finishing,0.7,2700,15,0.959191919
1/26/2015,Q4,Finishing,0.75,1800,10,0.910378788
1/26/2015,Q4,Finishing,0.7,1800,10,0.910378788
1/26/2015,Q4,Sewing,0.8,10170,56.5,0.850312684
1/26/2015,Q4,Sewing,0.8,5760,32,0.800386364
1/26/2015,Q4,Sewing,0.75,10260,57,0.80035194
1/26/2015,Q4,Sewing,0.75,10260,57,0.800034024
1/26/2015,Q4,Sewing,0.7,10440,58,0.800023511
1/26/2015,Q4,Sewing,0.75,10080,56,0.800020563
1/26/2015,Q4,Finishing,0.7,1620,9,0.769292929
1/26/2015,Q4,Sewing,0.75,10320,58,0.750031447
1/26/2015,Q4,Sewing,0.7,10440,58,0.70061442
1/26/2015,Q4,Sewing,0.7,6120,34,0.70043672
1/26/2015,Q4,Finishing,0.65,1440,8,0.646306818
1/26/2015,Q4,Sewing,0.6,360,52,0.600143365
1/26/2015,Q4,Sewing,0.35,10260,57,0.350066986
1/27/2015,Q4,Sewing,0.75,6840,57,1.000230409
1/27/2015,Q4,Sewing,0.75,6840,57,1.000230409
1/27/2015,Q4,Finishing,0.8,1440,12,0.979527778
1/27/2015,Q4,Finishing,0.8,1440,12,0.940625
1/27/2015,Q4,Finishing,0.5,1440,12,0.926388889
1/27/2015,Q4,Sewing,0.8,6720,56,0.900129762
1/27/2015,Q4,Finishing,0.75,1440,12,0.861875
1/27/2015,Q4,Sewing,0.8,6780,56.5,0.850312684
1/27/2015,Q4,Finishing,0.65,960,8,0.845458333
1/27/2015,Q4,Finishing,0.7,1080,9,0.823555556
1/27/2015,Q4,Finishing,0.5,960,8,0.803541667
1/27/2015,Q4,Sewing,0.75,6960,58,
1/27/2015,Q4,Finishing,0.75,1200,10,0.788
1/27/2015,Q4,Finishing,0.75,1200,10,0.77815
1/27/2015,Q4,Sewing,0.7,6960,58,0.700386207
1/27/2015,Q4,Sewing,0.7,4080,34,0.700164706
1/27/2015,Q4,Sewing,0.65,240,52,0.650307143
1/27/2015,Q4,Sewing,0.8,3840,32,0.622828125
1/27/2015,Q4,Finishing,0.8,960,8,0.6225
1/27/2015,Q4,Sewing,0.5,6960,58,0.500035345
1/27/2015,Q4,Sewing,0.5,6480,54,0.37046657
1/28/2015,Q4,Sewing,0.8,6840,57,1.000230409
1/28/2015,Q4,Sewing,0.8,6840,57,1.000230409
1/28/2015,Q4,Finishing,0.35,1800,15,0.977555556
1/28/2015,Q4,Finishing,0.75,1200,10,0.9456
1/28/2015,Q4,Finishing,0.8,1800,15,0.902222222
1/28/2015,Q4,Sewing,0.8,6720,56,0.850532143
1/28/2015,Q4,Sewing,0.75,6960,58,0.850362069
1/28/2015,Q4,Finishing,0.8,1200,10,0.840533333
1/28/2015,Q4,Sewing,0.6,6960,58,0.800534483
1/28/2015,Q4,Sewing,0.8,6780,56.5,0.800489676
1/28/2015,Q4,Finishing,0.75,1080,9,0.755555556
1/28/2015,Q4,Sewing,0.7,6960,58,
1/28/2015,Q4,Sewing,0.75,3600,35,0.750283333
1/28/2015,Q4,Finishing,0.8,1440,12,0.722638889
1/28/2015,Q4,Finishing,0.65,960,8,0.553333333
1/28/2015,Q4,Sewing,0.5,5880,54,0.500567308
1/28/2015,Q4,Sewing,0.7,6240,52,0.467693269
1/28/2015,Q4,Sewing,0.35,1800,32,0.437995338
1/28/2015,Q4,Finishing,0.6,960,8,0.406354167
1/28/2015,Q4,Sewing,0.6,6600,55,0.285333333
1/28/2015,Q4,Finishing,0.5,960,8,0.259375
1/29/2015,Q5,Sewing,0.8,6840,57,1.000230409
1/29/2015,Q5,Finishing,0.8,1200,10,0.989
1/29/2015,Q5,Sewing,0.8,6840,57,0.950185965
1/29/2015,Q5,Sewing,0.8,6900,57.5,0.9008
1/29/2015,Q5,Sewing,0.8,6720,56,0.900129762
1/29/2015,Q5,Finishing,0.5,1200,10,0.899
1/29/2015,Q5,Finishing,0.65,960,8,0.877552083
1/29/2015,Q5,Finishing,0.6,960,8,0.864583333
1/29/2015,Q5,Finishing,0.8,1200,10,0.85695
1/29/2015,Q5,Finishing,0.75,1200,10,0.853666667
1/29/2015,Q5,Sewing,0.75,6960,58,0.850362069
1/29/2015,Q5,Sewing,0.7,6960,58,0.850170115
1/29/2015,Q5,Sewing,0.65,7080,59,0.800473729
1/29/2015,Q5,Finishing,0.8,1200,10,0.773333333
1/29/2015,Q5,Sewing,0.75,4200,35,0.750646667
1/29/2015,Q5,Finishing,0.75,1080,9,0.634666667
1/29/2015,Q5,Sewing,0.6,4320,51,0.60059761
1/29/2015,Q5,Sewing,0.5,3960,33,0.500117677
1/29/2015,Q5,Finishing,0.8,960,8,0.4925
1/29/2015,Q5,Sewing,0.65,6600,55,0.48792
1/31/2015,Q5,Sewing,0.8,6960,58,1.000457471
1/31/2015,Q5,Sewing,0.8,6840,57,1.000230409
1/31/2015,Q5,Finishing,0.8,1200,10,0.971866667
1/31/2015,Q5,Finishing,0.8,960,8,0.971866667
1/31/2015,Q5,Finishing,0.8,1200,10,0.971866667
1/31/2015,Q5,Finishing,0.8,1200,10,0.971866667
1/31/2015,Q5,Finishing,0.75,1800,15,0.971866667
1/31/2015,Q5,Finishing,0.75,240,2,
1/31/2015,Q5,Finishing,0.75,1080,9,0.971866667
1/31/2015,Q5,Finishing,0.7,240,2,0.971866667
1/31/2015,Q5,Finishing,0.7,1200,10,0.971866667
1/31/2015,Q5,Finishing,0.65,960,8,0.971866667
1/31/2015,Q5,Finishing,0.65,600,5,0.971866667
1/31/2015,Q5,Finishing,0.6,1200,10,0.971866667
1/31/2015,Q5,Sewing,0.8,6720,56,0.920236905
1/31/2015,Q5,Sewing,0.8,6660,57.5,0.900537069
1/31/2015,Q5,Sewing,0.75,6840,57,0.850610526
1/31/2015,Q5,Sewing,0.75,6960,58,0.850362069
1/31/2015,Q5,Sewing,0.75,4200,35,0.750646667
1/31/2015,Q5,Sewing,0.7,5880,59,0.656763743
1/31/2015,Q5,Sewing,0.65,6480,54,0.650148148
1/31/2015,Q5,Sewing,0.6,3960,33,0.600710606
1/31/2015,Q5,Sewing,0.7,6720,56,0.388830357
1/31/2015,Q5,Sewing,0.5,6480,54,0.286984568
02-01-2015,Q1,Finishing,0.65,960,8,1.0115625
02-01-2015,Q1,Sewing,0.8,6900,57.5,1.000671304
02-01-2015,Q1,Sewing,0.8,3060,58.5,1.000402055
02-01-2015,Q1,Finishing,0.75,2280,19,0.950438596
02-01-2015,Q1,Sewing,0.8,6840,57,0.950185965
02-01-2015,Q1,Finishing,0.8,1200,10,0.912766667
02-01-2015,Q1,Finishing,0.7,2160,18,0.892194444
02-01-2015,Q1,Finishing,0.8,1200,10,0.8865
02-01-2015,Q1,Sewing,0.8,6720,56,
02-01-2015,Q1,Sewing,0.8,7020,58.5,0.85011396
02-01-2015,Q1,Finishing,0.8,1440,12,0.845069444
02-01-2015,Q1,Sewing,0.75,6960,58,0.750593103
02-01-2015,Q1,Sewing,0.75,1440,35,0.750450658
02-01-2015,Q1,Finishing,0.75,1080,9,0.702666667
02-01-2015,Q1,Sewing,0.7,6120,54,0.700508929
02-01-2015,Q1,Sewing,0.65,3960,33,0.651007071
02-01-2015,Q1,Sewing,0.6,6600,55,0.466821212
02-01-2015,Q1,Sewing,0.7,6720,56,0.411553571
02-01-2015,Q1,Finishing,0.6,1200,10,0.314166667
02-02-2015,Q1,Sewing,0.8,7020,58.5,1.000602279
02-02-2015,Q1,Finishing,0.75,960,8,0.994270833
02-02-2015,Q1,Sewing,0.8,7020,58.5,0.900158405
02-02-2015,Q1,Sewing,0.8,6840,57,0.90014152
02-02-2015,Q1,Sewing,0.8,6720,56,0.900129762
02-02-2015,Q1,Finishing,0.8,1200,10,0.85695
02-02-2015,Q1,Finishing,0.8,1440,12,0.809236111
02-02-2015,Q1,Sewing,0.8,3600,35,0.800401961
02-02-2015,Q1,Sewing,0.8,5940,56.5,0.800393224
02-02-2015,Q1,Sewing,0.75,6960,58,0.799963218
02-02-2015,Q1,Finishing,0.75,1080,9,0.740444444
02-02-2015,Q1,Sewing,0.7,6480,54,0.700398148
02-02-2015,Q1,Sewing,0.7,3960,33,0.700354545
02-02-2015,Q1,Finishing,0.65,960,8,0.561979167
02-02-2015,Q1,Finishing,0.75,2280,19,0.504596491
02-02-2015,Q1,Sewing,0.5,6960,58,0.500801724
02-02-2015,Q1,Sewing,0.7,6720,56,0.295307738
02-02-2015,Q1,Finishing,0.6,1200,10,0.280333333
02-02-2015,Q1,Sewing,0.65,6600,55,0.260978788
02-03-2015,Q1,Finishing,0.8,2400,20,1.001416667
02-03-2015,Q1,Sewing,0.8,6900,57.5,1.000018551
02-03-2015,Q1,Sewing,0.8,6720,56,0.999995238
02-03-2015,Q1,Finishing,0.8,1200,10,
02-03-2015,Q1,Finishing,0.7,960,8,0.976979167
02-03-2015,Q1,Sewing,0.8,6840,57,0.950185965
02-03-2015,Q1,Sewing,0.8,6960,58,0.949981609
02-03-2015,Q1,Finishing,0.75,1320,11,0.919954545
02-03-2015,Q1,Sewing,0.8,5460,56.5,0.800434622
02-03-2015,Q1,Sewing,0.8,2040,35,0.800259023
02-03-2015,Q1,Finishing,0.8,1080,9,0.778222222
02-03-2015,Q1,Sewing,0.75,6960,58,0.750593103
02-03-2015,Q1,Sewing,0.7,5760,54,0.700513566
02-03-2015,Q1,Sewing,0.7,4020,33.5,0.700184577
02-03-2015,Q1,Sewing,0.7,6660,55.5,0.586465465
02-03-2015,Q1,Sewing,0.7,6720,56,0.541517857
02-03-2015,Q1,Finishing,0.8,1440,12,0.5375
02-03-2015,Q1,Finishing,0.7,960,8,0.495416667
02-03-2015,Q1,Sewing,0.6,6960,58,0.415172414
02-04-2015,Q1,Sewing,0.8,6900,57.5,1.05028058
02-04-2015,Q1,Sewing,0.8,6840,57,1.000230409
02-04-2015,Q1,Sewing,0.8,6720,56,0.999995238
02-04-2015,Q1,Finishing,0.8,2160,18,0.966759259
02-04-2015,Q1,Finishing,0.8,1200,10,0.929183333
02-04-2015,Q1,Finishing,0.7,3000,25,0.915766667
02-04-2015,Q1,Sewing,0.8,6900,57.5,0.900147246
02-04-2015,Q1,Sewing,0.8,4080,34,0.800401961
02-04-2015,Q1,Sewing,0.8,6960,58,0.799963218
02-04-2015,Q1,Finishing,0.7,960,8,0.779791667
02-04-2015,Q1,Finishing,0.75,960,8,0.755166667
02-04-2015,Q1,Sewing,0.7,3360,33,0.700710417
02-04-2015,Q1,Sewing,0.7,6960,58,0.700612069
02-04-2015,Q1,Sewing,0.7,6120,53,0.700278846
02-04-2015,Q1,Sewing,0.7,6840,57,0.700135088
02-04-2015,Q1,Finishing,0.8,1080,9,0.687555556
02-04-2015,Q1,Sewing,0.65,5820,58.5,0.650834808
02-04-2015,Q1,Finishing,0.7,960,8,0.531666667
02-04-2015,Q1,Sewing,0.35,6060,55.5,0.350706422
02-05-2015,Q1,Sewing,0.8,6780,56.5,1.000446018
02-05-2015,Q1,Sewing,0.8,6900,57.5,1.000018551
02-05-2015,Q1,Sewing,0.8,6720,56,0.999995238
02-05-2015,Q1,Finishing,0.8,2640,22,0.999924242
02-05-2015,Q1,Sewing,0.8,6840,57,0.950185965
02-05-2015,Q1,Finishing,0.7,960,8,0.9425
02-05-2015,Q1,Finishing,0.8,1080,9,0.906666667
02-05-2015,Q1,Finishing,0.7,1200,10,0.8471
02-05-2015,Q1,Finishing,0.8,1440,12,0.845458333
02-05-2015,Q1,Sewing,0.8,720,34,0.800612676
02-05-2015,Q1,Sewing,0.8,6960,58,0.799963218
02-05-2015,Q1,Finishing,0.8,960,8,0.771583333
02-05-2015,Q1,Sewing,0.75,2520,26,0.7504
02-05-2015,Q1,Sewing,0.7,2760,33,0.700079032
02-05-2015,Q1,Sewing,0.7,6960,58,0.562212644
02-05-2015,Q1,Sewing,0.07,6960,58,0.522844828
02-05-2015,Q1,Sewing,0.5,6360,53,0.500720126
02-05-2015,Q1,Sewing,0.7,6840,57,0.496549708
02-07-2015,Q1,Finishing,0.8,3000,25,1.050666667
02-07-2015,Q1,Sewing,0.8,6900,58,1.000018551
02-07-2015,Q1,Sewing,0.8,6840,57,0.950185965
02-07-2015,Q1,Sewing,0.8,6780,57,0.900135693
02-07-2015,Q1,Sewing,0.8,6720,56,
02-07-2015,Q1,Finishing,0.8,1080,9,0.899111111
02-07-2015,Q1,Finishing,0.8,1200,10,0.870083333
02-07-2015,Q1,Finishing,0.75,960,8,0.845833333
02-07-2015,Q1,Sewing,0.8,4080,34,0.800401961
02-07-2015,Q1,Sewing,0.8,6960,58,0.799963218
02-07-2015,Q1,Finishing,0.8,960,8,0.771583333
02-07-2015,Q1,Sewing,0.75,1560,33,0.750520115
02-07-2015,Q1,Sewing,0.75,3240,27,0.750027778
02-07-2015,Q1,Finishing,0.7,1200,10,0.715766667
02-07-2015,Q1,Sewing,0.7,6960,58,0.662270115
02-07-2015,Q1,Sewing,0.6,6780,57,0.600224189
02-07-2015,Q1,Sewing,0.7,7500,59,0.545657673
02-07-2015,Q1,Finishing,0.8,960,8,0.447916667
02-07-2015,Q1,Sewing,0.7,6840,57,0.365318713
02-08-2015,Q2,Sewing,0.8,6900,57.5,1.000018551
02-08-2015,Q2,Finishing,0.7,1440,12,0.928680556
02-08-2015,Q2,Sewing,0.8,6720,56,0.9008
02-08-2015,Q2,Sewing,0.8,6780,56.5,0.900135693
02-08-2015,Q2,Sewing,0.8,6720,56,0.900129762
02-08-2015,Q2,Finishing,0.8,1200,10,0.893066667
02-08-2015,Q2,Finishing,0.8,1080,9,0.891555556
02-08-2015,Q2,Finishing,0.8,2160,18,0.875555556
02-08-2015,Q2,Finishing,0.7,1800,15,0.840888889
02-08-2015,Q2,Sewing,0.8,2880,34,0.800355208
02-08-2015,Q2,Sewing,0.8,6960,58,0.799963218
02-08-2015,Q2,Sewing,0.75,3960,33,0.75065101
02-08-2015,Q2,Sewing,0.75,3240,27,0.750027778
02-08-2015,Q2,Sewing,0.7,7020,58.5,0.700618234
02-08-2015,Q2,Finishing,0.75,960,8,0.610208333
02-08-2015,Q2,Finishing,0.8,960,8,0.607416667
02-08-2015,Q2,Sewing,0.65,6780,56.5,0.568259587
02-08-2015,Q2,Sewing,0.7,6960,58,0.355534483
02-08-2015,Q2,Sewing,0.7,6840,57,0.353259649
02-09-2015,Q2,Finishing,0.8,2160,18,1.057962963
02-09-2015,Q2,Finishing,0.8,1200,10,0.962016667
02-09-2015,Q2,Sewing,0.8,120,56,0.9008
02-09-2015,Q2,Sewing,0.8,3600,57,0.900509044
02-09-2015,Q2,Sewing,0.8,360,57,0.900477825
02-09-2015,Q2,Finishing,0.75,960,8,0.888125
02-09-2015,Q2,Sewing,0.8,4080,34,0.800401961
02-09-2015,Q2,Sewing,0.8,5400,57,0.800161172
02-09-2015,Q2,Sewing,0.8,6960,58,0.799963218
02-09-2015,Q2,Sewing,0.7,3300,57,0.790003236
02-09-2015,Q2,Sewing,0.75,0,54,0.750648148
02-09-2015,Q2,Finishing,0.35,1800,15,0.707111111
02-09-2015,Q2,Sewing,0.7,7020,58,0.700618234
02-09-2015,Q2,Finishing,0.8,960,8,0.697708333
02-09-2015,Q2,Sewing,0.75,4080,34,0.612517157
02-09-2015,Q2,Sewing,0.35,6960,58,0.350301724
02-09-2015,Q2,Sewing,0.35,6960,58,0.350301724
02-09-2015,Q2,Finishing,0.8,1080,9,0.272
02-10-2015,Q2,Finishing,0.8,1080,9,1.004888889
02-10-2015,Q2,Finishing,0.8,2160,18,0.966759259
02-10-2015,Q2,Sewing,0.8,0,56,0.90063244
02-10-2015,Q2,Sewing,0.8,0,57,0.90047076
02-10-2015,Q2,Sewing,0.8,0,57,0.90047076
02-10-2015,Q2,Sewing,0.8,0,57,0.899984058
02-10-2015,Q2,Finishing,0.8,1440,12,
02-10-2015,Q2,Sewing,0.8,2160,58,0.8008
02-10-2015,Q2,Sewing,0.8,4080,34,0.800401961
02-10-2015,Q2,Finishing,0.7,1800,15,0.796755556
02-10-2015,Q2,Sewing,0.75,2400,34,0.750797009
02-10-2015,Q2,Sewing,0.8,3240,54,0.750648148
02-10-2015,Q2,Sewing,0.75,7020,58,0.750356125
02-10-2015,Q2,Finishing,0.35,960,8,0.703770833
02-10-2015,Q2,Sewing,0.7,7020,58,0.700618234
02-10-2015,Q2,Finishing,0.8,960,8,0.6895
02-10-2015,Q2,Finishing,0.75,960,8,0.628333333
02-10-2015,Q2,Sewing,0.5,6960,58,0.500801724
02-10-2015,Q2,Sewing,0.5,6960,58,0.393548851
02-11-2015,Q2,Finishing,0.7,1800,15,1.033155556
02-11-2015,Q2,Finishing,0.8,1080,9,1.02
02-11-2015,Q2,Sewing,0.8,0,57.5,1.000344928
02-11-2015,Q2,Sewing,0.8,0,57,1.000065789
02-11-2015,Q2,Finishing,0.35,1440,12,0.994375
02-11-2015,Q2,Finishing,0.8,2160,18,0.912037037
02-11-2015,Q2,Finishing,0.7,240,2,0.87
02-11-2015,Q2,Sewing,0.8,0,56,0.850364583
02-11-2015,Q2,Sewing,0.8,3480,34,0.800947475
02-11-2015,Q2,Sewing,0.8,4080,34,0.800401961
02-11-2015,Q2,Sewing,0.8,3240,58,0.800144144
02-11-2015,Q2,Sewing,0.75,7380,59.5,0.750406233
02-11-2015,Q2,Sewing,0.6,4560,58,0.714410494
02-11-2015,Q2,Sewing,0.7,5940,59.5,0.700588406
02-11-2015,Q2,Finishing,0.8,1440,12,0.618361111
02-11-2015,Q2,Sewing,0.6,3360,58,0.600070513
02-11-2015,Q2,Finishing,0.8,960,8,0.54175
02-11-2015,Q2,Sewing,0.8,6840,57,0.536901754
02-11-2015,Q2,Sewing,0.35,3240,52,0.507903226
02-12-2015,Q2,Sewing,0.8,0,57,1.100483918
02-12-2015,Q2,Finishing,0.7,1800,15,1.096633333
02-12-2015,Q2,Sewing,0.8,0,57.5,1.000344928
02-12-2015,Q2,Finishing,0.8,1080,9,0.838666667
02-12-2015,Q2,Sewing,0.8,4080,34,0.800401961
02-12-2015,Q2,Finishing,0.35,1440,12,0.755486111
02-12-2015,Q2,Sewing,0.75,7080,59,0.750799435
02-12-2015,Q2,Sewing,0.8,3960,33,0.688017677
02-12-2015,Q2,Finishing,0.8,1440,12,0.664875
02-12-2015,Q2,Finishing,0.8,960,8,0.656666667
02-12-2015,Q2,Sewing,0.7,7080,59,0.637711864
02-12-2015,Q2,Finishing,0.8,2160,18,0.601944444
02-12-2015,Q2,Finishing,0.7,240,2,0.58
02-12-2015,Q2,Sewing,0.65,7080,59,0.535677966
02-12-2015,Q2,Sewing,0.5,2280,55,0.50012336
02-12-2015,Q2,Sewing,0.8,6960,58,0.497885057
02-12-2015,Q2,Sewing,0.65,7080,59,0.463403955
02-12-2015,Q2,Sewing,0.8,6000,50,
02-12-2015,Q2,Sewing,0.35,6960,58,0.350301724
2/14/2015,Q2,Sewing,0.8,6840,57,1.000230409
2/14/2015,Q2,Finishing,0.7,1800,15,0.929277778
2/14/2015,Q2,Finishing,0.75,2400,20,0.902916667
2/14/2015,Q2,Finishing,0.8,1080,9,0.800888889
2/14/2015,Q2,Sewing,0.8,4080,34,0.800401961
2/14/2015,Q2,Sewing,0.8,3660,57,0.80037492
2/14/2015,Q2,Finishing,0.8,1440,12,0.796208333
2/14/2015,Q2,Sewing,0.75,7140,59,0.750392157
2/14/2015,Q2,Sewing,0.75,7140,59,0.750392157
2/14/2015,Q2,Finishing,0.7,960,8,0.725625
2/14/2015,Q2,Sewing,0.7,5160,60,0.700206125
2/14/2015,Q2,Sewing,0.7,7200,60,0.602
2/14/2015,Q2,Sewing,0.6,2280,55,0.600447507
2/14/2015,Q2,Sewing,0.8,4080,34,0.557252451
2/14/2015,Q2,Sewing,0.5,6960,58,0.500801724
2/14/2015,Q2,Finishing,0.8,960,8,0.483333333
2/14/2015,Q2,Finishing,0.8,960,8,0.238041667
2/15/2015,Q3,Finishing,0.8,960,8,1.1204375
2/15/2015,Q3,Finishing,0.8,960,8,1.108125
2/15/2015,Q3,Sewing,0.8,6840,57,1.000230409
2/15/2015,Q3,Finishing,0.8,1080,9,0.876444444
2/15/2015,Q3,Sewing,0.8,1440,34,0.800806306
2/15/2015,Q3,Finishing,0.75,240,2,0.760833333
2/15/2015,Q3,Sewing,0.8,7140,59.5,0.722568627
2/15/2015,Q3,Finishing,0.6,1200,10,0.715333333
2/15/2015,Q3,Sewing,0.7,7080,59,
2/15/2015,Q3,Sewing,0.7,5880,59,0.700573099
2/15/2015,Q3,Sewing,0.75,4080,34,0.681598039
2/15/2015,Q3,Sewing,0.65,2640,53,0.650223718
2/15/2015,Q3,Finishing,0.7,960,8,0.605208333
2/15/2015,Q3,Finishing,0.8,960,8,0.604166667
2/15/2015,Q3,Sewing,0.75,7140,59.5,0.598627451
2/15/2015,Q3,Sewing,0.6,6960,58,0.475718391
2/15/2015,Q3,Sewing,0.8,6900,57.5,0.432122899
2/15/2015,Q3,Finishing,0.75,2400,20,0.287041667
2/15/2015,Q3,Sewing,0.5,5280,54,0.283054487
2/16/2015,Q3,Sewing,0.8,6840,57,1.000230409
2/16/2015,Q3,Finishing,0.8,1200,10,0.960433333
2/16/2015,Q3,Finishing,0.8,1080,9,0.891555556
2/16/2015,Q3,Finishing,0.5,960,8,0.864583333
2/16/2015,Q3,Sewing,0.65,600,58,0.802243319
2/16/2015,Q3,Sewing,0.8,0,59,0.800980392
2/16/2015,Q3,Sewing,0.8,3720,34,0.800312375
2/16/2015,Q3,Finishing,0.8,960,8,0.773333333
2/16/2015,Q3,Sewing,0.75,3960,33,0.75065101
2/16/2015,Q3,Sewing,0.75,7020,58,0.750356125
2/16/2015,Q3,Finishing,0.75,1800,15,0.722333333
2/16/2015,Q3,Sewing,0.7,600,59,0.700459889
2/16/2015,Q3,Finishing,0.75,1200,10,0.629416667
2/16/2015,Q3,Sewing,0.7,7080,59,0.621971751
2/16/2015,Q3,Sewing,0.7,2160,54,0.565972222
2/16/2015,Q3,Sewing,0.6,5280,44,0.35542803
2/16/2015,Q3,Sewing,0.6,5400,54,0.329964879
2/16/2015,Q3,Finishing,0.7,1800,15,0.258
2/17/2015,Q3,Sewing,0.8,6840,57,1.000230409
2/17/2015,Q3,Finishing,0.8,960,8,0.927541667
2/17/2015,Q3,Finishing,0.7,1200,10,0.91375
2/17/2015,Q3,Finishing,0.8,1080,9,0.9025
2/17/2015,Q3,Sewing,0.8,4080,34,0.800401961
2/17/2015,Q3,Finishing,0.5,1800,15,0.7866
2/17/2015,Q3,Sewing,0.75,3360,33,0.750621354
2/17/2015,Q3,Sewing,0.75,7020,58,0.750356125
2/17/2015,Q3,Finishing,0.8,960,8,0.749166667
2/17/2015,Q3,Sewing,0.7,840,59,0.700888203
2/17/2015,Q3,Sewing,0.7,3420,56,0.700614035
2/17/2015,Q3,Sewing,0.7,6960,58,0.700603448
2/17/2015,Q3,Finishing,0.75,960,8,0.656666667
2/17/2015,Q3,Sewing,0.8,7140,59,0.653431373
2/17/2015,Q3,Sewing,0.65,5520,51,0.650134
2/17/2015,Q3,Sewing,0.6,0,58,0.600982906
2/17/2015,Q3,Finishing,0.8,960,8,0.586041667
2/17/2015,Q3,Finishing,0.8,1800,15,0.5814
2/17/2015,Q3,Sewing,0.5,6720,56,
2/17/2015,Q3,Sewing,0.65,0,49,0.302117347
2/18/2015,Q3,Finishing,0.8,1200,10,0.9918
2/18/2015,Q3,Finishing,0.8,1440,12,0.936861111
2/18/2015,Q3,Finishing,0.8,1440,12,0.919125
2/18/2015,Q3,Sewing,0.7,3360,56,0.8211125
2/18/2015,Q3,Sewing,0.8,480,58,0.800980392
2/18/2015,Q3,Sewing,0.8,0,59,0.800980392
2/18/2015,Q3,Sewing,0.8,4080,34,0.800401961
2/18/2015,Q3,Sewing,0.8,3960,57,0.800279693
2/18/2015,Q3,Sewing,0.75,3960,33,0.75065101
2/18/2015,Q3,Sewing,0.75,2280,59,0.75053268
2/18/2015,Q3,Finishing,0.75,960,8,0.734645833
2/18/2015,Q3,Sewing,0.7,0,58,0.700603448
2/18/2015,Q3,Sewing,0.7,4560,51,0.70009573
2/18/2015,Q3,Finishing,0.7,960,8,0.671875
2/18/2015,Q3,Finishing,0.8,960,8,0.64025
2/18/2015,Q3,Finishing,0.7,960,8,0.58
2/18/2015,Q3,Finishing,0.8,960,8,0.549791667
2/18/2015,Q3,Sewing,0.6,6840,57,0.328131579
2/18/2015,Q3,Sewing,0.7,5640,47,0.303574468
2/18/2015,Q3,Finishing,0.5,960,8,0.2565
2/18/2015,Q3,Sewing,0.65,4560,57,0.251399254
2/19/2015,Q3,Finishing,0.5,2880,12,0.81640625
2/19/2015,Q3,Sewing,0.8,1080,34,0.800711494
2/19/2015,Q3,Sewing,0.8,3840,57,0.800470513
2/19/2015,Q3,Sewing,0.8,7020,58.5,0.800094017
2/19/2015,Q3,Sewing,0.8,600,59.5,0.799982853
2/19/2015,Q3,Finishing,0.8,4320,18,0.785864198
2/19/2015,Q3,Sewing,0.75,3960,33,0.75065101
2/19/2015,Q3,Finishing,0.8,2400,10,0.733277778
2/19/2015,Q3,Finishing,0.8,3600,15,0.710125
2/19/2015,Q3,Sewing,0.7,6960,58,0.700603448
2/19/2015,Q3,Sewing,0.7,3480,58,0.700540441
2/19/2015,Q3,Sewing,0.7,6240,57,0.7
2/19/2015,Q3,Finishing,0.75,1920,8,0.684027778
2/19/2015,Q3,Finishing,0.7,1920,8,0.672135417
2/19/2015,Q3,Sewing,0.7,6120,51,0.638614379
2/19/2015,Q3,Finishing,0.75,1920,8,0.631354167
2/19/2015,Q3,Sewing,0.75,0,59,0.611140537
2/19/2015,Q3,Finishing,0.8,2160,9,0.609583333
2/19/2015,Q3,Sewing,0.65,6840,57,0.585315789
2/19/2015,Q3,Sewing,0.7,5760,48,0.249416667
2/22/2015,Q4,Finishing,0.5,1800,15,0.8721
2/22/2015,Q4,Finishing,0.8,960,8,0.8319375
2/22/2015,Q4,Finishing,0.8,4800,20,0.8300625
2/22/2015,Q4,Finishing,0.6,2880,12,0.805555556
2/22/2015,Q4,Sewing,0.8,4080,34,0.800401961
2/22/2015,Q4,Sewing,0.8,5820,59,0.80000295
2/22/2015,Q4,Finishing,0.8,2400,10,0.78375
2/22/2015,Q4,Finishing,0.8,2400,10,0.753525
2/22/2015,Q4,Sewing,0.75,3960,33,0.75065101
2/22/2015,Q4,Finishing,0.8,2880,12,0.727349537
2/22/2015,Q4,Sewing,0.7,6840,57,0.700614035
2/22/2015,Q4,Sewing,0.7,6840,57,0.700605263
2/22/2015,Q4,Sewing,0.75,3480,58,0.672140805
2/22/2015,Q4,Sewing,0.7,3240,57,0.627011183
2/22/2015,Q4,Sewing,0.7,8160,58,0.626577778
2/22/2015,Q4,Sewing,0.7,6000,50,0.456875
2/22/2015,Q4,Sewing,0.75,6960,58,0.393548851
2/22/2015,Q4,Finishing,0.8,960,8,0.385791667
2/22/2015,Q4,Sewing,0.8,5700,60,0.307501459
2/22/2015,Q4,Finishing,0.7,960,8,0.283958333
2/23/2015,Q4,Finishing,0.8,2400,20,0.955791667
2/23/2015,Q4,Finishing,0.7,960,8,0.930416667
2/23/2015,Q4,Finishing,0.8,1080,9,0.9025
2/23/2015,Q4,Finishing,0.8,2160,18,0.87115
2/23/2015,Q4,Sewing,0.8,4080,34,0.800401961
2/23/2015,Q4,Sewing,0.8,7140,59,0.800137255
2/23/2015,Q4,Sewing,0.8,7140,59,0.800137255
2/23/2015,Q4,Sewing,0.75,6960,58,0.750770115
2/23/2015,Q4,Sewing,0.75,3960,33,0.75065101
2/23/2015,Q4,Sewing,0.75,2820,58,0.750293939
2/23/2015,Q4,Sewing,0.7,2160,58,0.700623
2/23/2015,Q4,Sewing,0.7,6840,57,0.700614035
2/23/2015,Q4,Sewing,0.7,6960,58,0.700362069
2/23/2015,Q4,Sewing,0.7,6000,50,0.60128
2/23/2015,Q4,Sewing,0.7,6000,50,0.417916667
2/23/2015,Q4,Finishing,0.8,960,8,0.3715625
2/23/2015,Q4,Finishing,0.8,960,8,0.3715625
2/23/2015,Q4,Finishing,0.8,960,8,0.36871875
2/23/2015,Q4,Finishing,0.7,960,8,0.356458333
2/24/2015,Q4,Finishing,0.7,1800,15,0.902222222
2/24/2015,Q4,Finishing,0.8,1440,12,0.811388889
2/24/2015,Q4,Sewing,0.8,4080,34,0.800401961
2/24/2015,Q4,Sewing,0.8,7140,60,0.800137255
2/24/2015,Q4,Sewing,0.8,6480,59,
2/24/2015,Q4,Finishing,0.7,960,8,0.791458333
2/24/2015,Q4,Sewing,0.75,5640,59,0.750727326
2/24/2015,Q4,Sewing,0.75,3360,33,0.75065101
2/24/2015,Q4,Sewing,0.75,3360,57,0.750437269
2/24/2015,Q4,Sewing,0.75,5340,60,0.750176991
2/24/2015,Q4,Finishing,0.75,1800,15,0.726933333
2/24/2015,Q4,Finishing,0.7,1800,15,0.726933333
2/24/2015,Q4,Sewing,0.7,1680,59,0.700623
2/24/2015,Q4,Sewing,0.7,4560,58,0.700518519
2/24/2015,Q4,Sewing,0.7,3000,52,0.700256795
2/24/2015,Q4,Finishing,0.7,960,8,0.5046875
2/24/2015,Q4,Sewing,0.7,6360,53,0.471108491
2/24/2015,Q4,Finishing,0.7,960,8,0.325
2/24/2015,Q4,Sewing,0.6,5040,42,0.268214286
2/25/2015,Q4,Sewing,0.75,6240,52,0.970816667
2/25/2015,Q4,Finishing,0.8,1080,9,
2/25/2015,Q4,Finishing,0.8,2400,20,0.900833333
2/25/2015,Q4,Finishing,0.8,1800,15,0.899555556
2/25/2015,Q4,Finishing,0.7,1200,10,0.845833333
2/25/2015,Q4,Sewing,0.8,4080,59,0.800808642
2/25/2015,Q4,Sewing,0.8,4080,34,0.800401961
2/25/2015,Q4,Sewing,0.8,7080,59,0.800115819
2/25/2015,Q4,Sewing,0.75,3960,33,0.75065101
2/25/2015,Q4,Sewing,0.75,3360,57,
2/25/2015,Q4,Sewing,0.75,6960,58,0.750206897
2/25/2015,Q4,Sewing,0.7,6960,58,0.700362069
2/25/2015,Q4,Sewing,0.7,3960,58,0.700069811
2/25/2015,Q4,Sewing,0.7,6240,52,0.700058333
2/25/2015,Q4,Finishing,0.75,960,8,0.676666667
2/25/2015,Q4,Finishing,0.7,960,8,0.658541667
2/25/2015,Q4,Sewing,0.8,1200,59,0.598792339
2/25/2015,Q4,Sewing,0.65,5040,42,0.581130952
2/25/2015,Q4,Finishing,0.7,960,8,0.440375
2/25/2015,Q4,Finishing,0.75,960,8,0.410833333
2/25/2015,Q4,Finishing,0.7,960,8,0.410833333
2/26/2015,Q4,Finishing,0.8,6300,15,0.921703704
2/26/2015,Q4,Finishing,0.8,7560,18,0.921604938
2/26/2015,Q4,Sewing,0.8,4080,59,0.800808642
2/26/2015,Q4,Sewing,0.8,2820,57,0.800516667
2/26/2015,Q4,Sewing,0.8,4080,34,0.800401961
2/26/2015,Q4,Finishing,0.5,3360,8,0.768847222
2/26/2015,Q4,Sewing,0.75,3960,33,0.75065101
2/26/2015,Q4,Sewing,0.75,6840,57,0.750473684
2/26/2015,Q4,Sewing,0.75,5640,52,0.750371895
2/26/2015,Q4,Sewing,0.75,6960,58,0.750206897
2/26/2015,Q4,Sewing,0.7,3240,52,0.700251773
2/26/2015,Q4,Sewing,0.7,6960,58,0.66237931
2/26/2015,Q4,Finishing,0.8,3780,9,0.590617284
2/26/2015,Q4,Finishing,0.7,960,8,0.5565625
2/26/2015,Q4,Sewing,0.8,7080,59,0.495617514
2/26/2015,Q4,Sewing,0.35,6840,57,0.449964912
2/26/2015,Q4,Finishing,0.7,3360,8,0.410833333
2/26/2015,Q4,Finishing,0.75,960,8,0.4078125
2/26/2015,Q4,Sewing,0.35,6600,55,0.378895152
2/26/2015,Q4,Finishing,0.75,3360,8,0.376597222
2/26/2015,Q4,Finishing,0.75,3360,8,0.271875
2/28/2015,Q4,Finishing,0.8,6300,15,0.921703704
2/28/2015,Q4,Finishing,0.8,7560,18,0.921604938
2/28/2015,Q4,Sewing,0.8,0,58,0.800779018
2/28/2015,Q4,Sewing,0.8,1700,34,0.800260821
2/28/2015,Q4,Sewing,0.8,840,59,0.799982853
2/28/2015,Q4,Finishing,0.5,3360,8,0.768847222
2/28/2015,Q4,Sewing,0.75,4440,57,0.750716981
2/28/2015,Q4,Sewing,0.75,3960,33,0.75065101
2/28/2015,Q4,Sewing,0.75,4560,58,0.750425926
2/28/2015,Q4,Sewing,0.75,6240,52,0.750395513
2/28/2015,Q4,Sewing,0.7,6120,51,0.700236601
2/28/2015,Q4,Sewing,0.7,4560,58,0.700211111
2/28/2015,Q4,Finishing,0.8,3780,9,0.590617284
2/28/2015,Q4,Finishing,0.7,960,8,0.5565625
2/28/2015,Q4,Sewing,0.5,6840,57,0.550403509
2/28/2015,Q4,Sewing,0.5,6840,57,0.550349708
2/28/2015,Q4,Sewing,0.5,6960,58,0.500258046
2/28/2015,Q4,Finishing,0.7,3360,8,0.410833333
2/28/2015,Q4,Finishing,0.75,960,8,0.4078125
2/28/2015,Q4,Finishing,0.75,3360,8,0.376597222
2/28/2015,Q4,Finishing,0.75,3360,8,0.271875
03-01-2015,Q1,Finishing,0.8,10500,25,0.936355556
03-01-2015,Q1,Finishing,0.75,3360,8,0.813611111
03-01-2015,Q1,Sewing,0.8,4080,34,0.800401961
03-01-2015,Q1,Sewing,0.75,6240,57,0.75075
03-01-2015,Q1,Sewing,0.75,3960,33,0.75065101
03-01-2015,Q1,Sewing,0.75,6840,57,0.750473684
03-01-2015,Q1,Sewing,0.75,6240,52,0.750395513
03-01-2015,Q1,Sewing,0.6,6720,56,0.707446429
03-01-2015,Q1,Sewing,0.7,5640,52,
03-01-2015,Q1,Sewing,0.6,6840,57,0.700019883
03-01-2015,Q1,Sewing,0.7,1800,58,0.683550607
03-01-2015,Q1,Sewing,0.8,0,57,0.682433036
03-01-2015,Q1,Finishing,0.6,960,8,0.673083333
03-01-2015,Q1,Finishing,0.7,3360,8,0.664583333
03-01-2015,Q1,Sewing,0.6,6840,57,0.600239766
03-01-2015,Q1,Finishing,0.7,960,8,0.585
03-01-2015,Q1,Sewing,0.8,6960,58,0.579511494
03-01-2015,Q1,Finishing,0.6,3360,8,0.448722222
03-01-2015,Q1,Finishing,0.75,960,8,0.447083333
03-01-2015,Q1,Finishing,0.8,3360,8,0.350416667
03-02-2015,Q1,Finishing,0.7,1200,10,0.92885
03-02-2015,Q1,Finishing,0.8,10080,24,0.86037037
03-02-2015,Q1,Finishing,0.65,960,8,0.806879167
03-02-2015,Q1,Sewing,0.65,6840,57,0.800579532
03-02-2015,Q1,Sewing,0.8,4080,34,0.800401961
03-02-2015,Q1,Finishing,0.75,1200,10,0.8004
03-02-2015,Q1,Sewing,0.8,0,57,0.800309211
03-02-2015,Q1,Sewing,0.8,4680,57,0.800149813
03-02-2015,Q1,Sewing,0.8,7080,59,0.800115819
03-02-2015,Q1,Finishing,0.75,3360,8,0.773333333
03-02-2015,Q1,Sewing,0.75,2880,33,0.750797009
03-02-2015,Q1,Sewing,0.75,6840,57,0.750473684
03-02-2015,Q1,Sewing,0.75,6240,52,0.750395513
03-02-2015,Q1,Sewing,0.65,6780,57,0.750254867
03-02-2015,Q1,Sewing,0.65,6720,56,0.700903571
03-02-2015,Q1,Sewing,0.7,3600,51,0.70013604
03-02-2015,Q1,Finishing,0.7,3360,8,0.632361111
03-02-2015,Q1,Finishing,0.8,3780,9,0.607654321
03-02-2015,Q1,Finishing,0.65,3360,8,0.537919444
03-02-2015,Q1,Finishing,0.8,3360,8,0.342361111
03-03-2015,Q1,Finishing,0.8,4200,10,0.999533333
03-03-2015,Q1,Finishing,0.8,6300,15,0.902962963
03-03-2015,Q1,Sewing,0.8,0,56,0.800701754
03-03-2015,Q1,Sewing,0.7,6960,58,0.800566092
03-03-2015,Q1,Sewing,0.8,4080,34,0.800401961
03-03-2015,Q1,Sewing,0.8,6840,57,0.800333333
03-03-2015,Q1,Sewing,0.8,7080,59,0.800115819
03-03-2015,Q1,Sewing,0.7,6960,58,0.750770115
03-03-2015,Q1,Sewing,0.75,6840,57,0.750473684
03-03-2015,Q1,Sewing,0.75,6240,52,0.750395513
03-03-2015,Q1,Sewing,0.75,3120,33,0.750212553
03-03-2015,Q1,Finishing,0.75,3360,8,0.702777778
03-03-2015,Q1,Sewing,0.7,6840,57,0.700659649
03-03-2015,Q1,Sewing,0.7,5040,51,0.699984417
03-03-2015,Q1,Finishing,0.8,3780,9,0.636049383
03-03-2015,Q1,Finishing,0.4,6300,15,0.567377778
03-03-2015,Q1,Finishing,0.7,3360,8,0.555430556
03-03-2015,Q1,Finishing,0.7,3360,8,0.555430556
03-03-2015,Q1,Finishing,0.7,3360,8,0.463194444
03-03-2015,Q1,Finishing,0.7,3360,8,0.354444444
03-03-2015,Q1,Finishing,0.75,3360,8,0.309333333
03-03-2015,Q1,Sewing,0.4,5400,45,
03-04-2015,Q1,Finishing,0.8,1200,10,0.939166667
03-04-2015,Q1,Finishing,0.8,960,8,0.930416667
03-04-2015,Q1,Finishing,0.8,1080,9,0.885925926
03-04-2015,Q1,Finishing,0.75,960,8,0.83375
03-04-2015,Q1,Finishing,0.7,960,8,0.806879167
03-04-2015,Q1,Finishing,0.7,960,8,0.806058333
03-04-2015,Q1,Sewing,0.8,0,56,0.800701754
03-04-2015,Q1,Sewing,0.8,4080,34,0.800401961
03-04-2015,Q1,Sewing,0.8,6840,57,0.800333333
03-04-2015,Q1,Sewing,0.8,3960,59,0.800055762
03-04-2015,Q1,Sewing,0.7,6960,58,0.799975862
03-04-2015,Q1,Sewing,0.7,6960,58,0.750651724
03-04-2015,Q1,Sewing,0.75,6240,52,0.750395513
03-04-2015,Q1,Sewing,0.7,6960,58,
03-04-2015,Q1,Sewing,0.7,5760,53,0.700058333
03-04-2015,Q1,Finishing,0.8,8400,20,0.684888889
03-04-2015,Q1,Finishing,0.7,960,8,0.592083333
03-04-2015,Q1,Finishing,0.5,960,8,0.5403125
03-04-2015,Q1,Sewing,0.8,6840,57,0.433263158
03-04-2015,Q1,Sewing,0.5,5520,46,0.404144928
03-04-2015,Q1,Sewing,0.75,3960,33,0.332146465
03-05-2015,Q1,Finishing,0.8,2640,22,0.980984848
03-05-2015,Q1,Finishing,0.6,960,8,0.950625
03-05-2015,Q1,Finishing,0.8,1200,10,0.927291667
03-05-2015,Q1,Finishing,0.8,1080,9,0.868888889
03-05-2015,Q1,Finishing,0.7,960,8,0.812625
03-05-2015,Q1,Finishing,0.7,960,8,0.812625
03-05-2015,Q1,Finishing,0.8,1800,15,0.810111111
03-05-2015,Q1,Sewing,0.8,3420,56,0.800701754
03-05-2015,Q1,Sewing,0.8,1800,57,0.800534979
03-05-2015,Q1,Sewing,0.8,4080,34,0.800401961
03-05-2015,Q1,Sewing,0.7,6960,58,0.750651724
03-05-2015,Q1,Sewing,0.75,6240,52,0.750395513
03-05-2015,Q1,Sewing,0.7,7080,59,0.750050847
03-05-2015,Q1,Sewing,0.7,6960,58,0.700424138
03-05-2015,Q1,Sewing,0.7,6000,50,0.700422
03-05-2015,Q1,Sewing,0.6,1320,46,0.600099145
03-05-2015,Q1,Finishing,0.75,960,8,0.453125
03-05-2015,Q1,Sewing,0.8,1200,59,0.366053523
03-05-2015,Q1,Sewing,0.35,2640,39,0.26369382
03-07-2015,Q1,Finishing,0.8,1080,9,0.868888889
03-07-2015,Q1,Sewing,0.8,4080,34,0.850520588
03-07-2015,Q1,Sewing,0.7,8160,58,0.850045
03-07-2015,Q1,Finishing,0.8,6000,25,0.825444444
03-07-2015,Q1,Finishing,0.35,2400,10,0.80575
03-07-2015,Q1,Sewing,0.7,6960,58,0.800746552
03-07-2015,Q1,Sewing,0.8,6840,57,0.800578947
03-07-2015,Q1,Sewing,0.8,3420,58,0.800034503
03-07-2015,Q1,Finishing,0.5,960,8,0.7975
03-07-2015,Q1,Sewing,0.75,3480,51,0.749987124
03-07-2015,Q1,Sewing,0.7,6000,50,0.700422
03-07-2015,Q1,Finishing,0.7,960,8,0.664875
03-07-2015,Q1,Finishing,0.7,960,8,0.664875
03-07-2015,Q1,Finishing,0.8,960,8,0.657083333
03-07-2015,Q1,Sewing,0.65,4200,45,0.65024031
03-07-2015,Q1,Finishing,0.8,3600,15,0.590740741
03-07-2015,Q1,Finishing,0.65,1920,8,0.528125
03-07-2015,Q1,Sewing,0.5,2280,39,0.500528095
03-07-2015,Q1,Sewing,0.7,6960,58,0.408960345
03-08-2015,Q2,Finishing,0.8,1440,12,0.951944444
03-08-2015,Q2,Finishing,0.8,1080,9,0.945555556
03-08-2015,Q2,Finishing,0.75,1080,9,0.929074074
03-08-2015,Q2,Finishing,0.75,960,8,0.890604167
03-08-2015,Q2,Finishing,0.75,960,8,0.890604167
03-08-2015,Q2,Finishing,0.7,1200,10,0.884
03-08-2015,Q2,Finishing,0.5,960,8,
03-08-2015,Q2,Sewing,0.75,6840,57,0.850084211
03-08-2015,Q2,Sewing,0.75,6960,58,0.85007069
03-08-2015,Q2,Sewing,0.8,3360,57,0.800511068
03-08-2015,Q2,Sewing,0.8,4080,34,0.800401961
03-08-2015,Q2,Sewing,0.8,3420,58,0.800034503
03-08-2015,Q2,Finishing,0.8,960,8,0.755208333
03-08-2015,Q2,Sewing,0.75,5640,52,0.750371895
03-08-2015,Q2,Sewing,0.7,6000,50,0.700422
03-08-2015,Q2,Sewing,0.7,4800,45,0.700106061
03-08-2015,Q2,Sewing,0.6,2520,38,0.601037091
03-08-2015,Q2,Sewing,0.6,6720,56,0.600528571
03-08-2015,Q2,Sewing,0.5,7080,59,0.500033898
03-08-2015,Q2,Finishing,0.6,960,8,0.4509375
03-08-2015,Q2,Finishing,0.7,960,8,0.441041667
03-08-2015,Q2,Finishing,0.6,960,8,0.271875
03-09-2015,Q2,Finishing,0.8,0,8,0.960625
03-09-2015,Q2,Finishing,0.8,0,9,0.902962963
03-09-2015,Q2,Finishing,0.6,0,12,0.864342593
03-09-2015,Q2,Sewing,0.75,7020,58,0.850446154
03-09-2015,Q2,Sewing,0.75,7140,59,0.850426891
03-09-2015,Q2,Finishing,0.75,0,15,0.841
03-09-2015,Q2,Sewing,0.8,5160,58,0.800842424
03-09-2015,Q2,Sewing,0.8,4080,34,0.800401961
03-09-2015,Q2,Sewing,0.8,3420,58,0.800034503
03-09-2015,Q2,Finishing,0.8,0,12,0.795416667
03-09-2015,Q2,Finishing,0.75,0,8,0.7953875
03-09-2015,Q2,Finishing,0.75,0,8,0.794566667
03-09-2015,Q2,Sewing,0.75,6240,52,0.750395513
03-09-2015,Q2,Sewing,0.7,5520,45,0.700516224
03-09-2015,Q2,Sewing,0.7,6000,50,0.700422
03-09-2015,Q2,Finishing,0.7,0,10,0.6825
03-09-2015,Q2,Sewing,0.65,4560,38,0.650962281
03-09-2015,Q2,Sewing,0.65,6720,56,0.650421429
03-09-2015,Q2,Sewing,0.6,7080,59,0.600040678
03-09-2015,Q2,Sewing,0.5,6600,55,0.500610909
03-09-2015,Q2,Finishing,0.7,0,8,0.477291667
03-09-2015,Q2,Finishing,0.65,0,8,0.2640625
03-10-2015,Q2,Finishing,0.8,1080,9,0.92
03-10-2015,Q2,Finishing,0.6,1440,12,0.909391667
03-10-2015,Q2,Sewing,0.75,7080,59,0.900061017
03-10-2015,Q2,Finishing,0.8,1440,12,0.894444444
03-10-2015,Q2,Finishing,0.75,960,8,0.881575
03-10-2015,Q2,Finishing,0.75,960,8,0.880754167
03-10-2015,Q2,Sewing,0.75,5880,59,0.850084211
03-10-2015,Q2,Finishing,0.75,1800,15,0.821666667
03-10-2015,Q2,Sewing,0.8,4080,34,0.800401961
03-10-2015,Q2,Sewing,0.8,6960,58,0.800071839
03-10-2015,Q2,Sewing,0.8,3420,58,0.800034503
03-10-2015,Q2,Finishing,0.8,960,8,0.758229167
03-10-2015,Q2,Sewing,0.75,6000,50,0.750608
03-10-2015,Q2,Sewing,0.75,6240,52,0.750395513
03-10-2015,Q2,Finishing,0.7,960,8,0.741
03-10-2015,Q2,Sewing,0.7,6840,57,0.700505263
03-10-2015,Q2,Sewing,0.7,4560,38,0.700246491
03-10-2015,Q2,Sewing,0.7,5400,45,0.700051852
03-10-2015,Q2,Sewing,0.65,7080,59,0.650044068
03-10-2015,Q2,Sewing,0.6,6840,57,0.630402924
03-10-2015,Q2,Finishing,0.65,960,8,0.560625
03-10-2015,Q2,Finishing,0.5,960,8,0.560625
03-10-2015,Q2,Finishing,0.7,960,8,0.39875
03-11-2015,Q2,Finishing,0.8,2160,9,0.922839506
03-11-2015,Q2,Finishing,0.8,2400,10,0.874027778
03-11-2015,Q2,Finishing,0.75,1920,8,0.819270833
03-11-2015,Q2,Finishing,0.75,1920,8,0.813309028
03-11-2015,Q2,Finishing,0.75,1920,8,0.812625
03-11-2015,Q2,Sewing,0.8,4080,34,0.800401961
03-11-2015,Q2,Sewing,0.8,6960,58,0.800071839
03-11-2015,Q2,Sewing,0.8,3420,58,0.800034503
03-11-2015,Q2,Finishing,0.8,1920,8,0.786631944
03-11-2015,Q2,Finishing,0.7,1440,12,0.75885
03-11-2015,Q2,Sewing,0.75,6000,50,0.750608
03-11-2015,Q2,Sewing,0.75,5040,52,0.750347333
03-11-2015,Q2,Sewing,0.75,5400,45,0.750140741
03-11-2015,Q2,Sewing,0.75,7080,59,0.750050847
03-11-2015,Q2,Sewing,0.75,7080,59,
03-11-2015,Q2,Sewing,0.7,6960,58,0.700556897
03-11-2015,Q2,Sewing,0.7,6840,57,0.700505263
03-11-2015,Q2,Sewing,0.7,4560,38,0.700246491
03-11-2015,Q2,Sewing,0.65,6840,57,0.650596491
03-11-2015,Q2,Finishing,0.75,960,8,0.628333333
03-11-2015,Q2,Finishing,0.7,960,8,
03-11-2015,Q2,Finishing,0.65,960,8,0.625625
03-11-2015,Q2,Finishing,0.75,1800,15,0.505888889
03-11-2015,Q2,Finishing,0.7,720,6,0.394722222
